<?xml version="1.0"?>
<doc>
    <assembly>
        <name>Castle.Facilities.WcfIntegration.Demo</name>
    </assembly>
    <members>
        <member name="T:Castle.Facilities.WcfIntegration.Demo.Default">
            <summary>
            Default class.
            </summary>
            <remarks>
            Auto-generated class.
            </remarks>
        </member>
        <member name="F:Castle.Facilities.WcfIntegration.Demo.Default.form1">
            <summary>
            form1 control.
            </summary>
            <remarks>
            Auto-generated field.
            To modify move field declaration from designer file to code-behind file.
            </remarks>
        </member>
        <member name="F:Castle.Facilities.WcfIntegration.Demo.Default.ValueFromService">
            <summary>
            ValueFromService control.
            </summary>
            <remarks>
            Auto-generated field.
            To modify move field declaration from designer file to code-behind file.
            </remarks>
        </member>
    </members>
</doc>
