<?xml version="1.0"?>
<doc>
    <assembly>
        <name>NHibernate.Caches.MemCache</name>
    </assembly>
    <members>
        <member name="M:NHibernate.Caches.MemCache.MemCacheClient.KeyAsString(System.Object)">
            <summary>
            Turn the key obj into a string, preperably using human readable
            string, and if the srtring is too long (>=250) it will be hashed
            </summary>
        </member>
        <member name="T:NHibernate.Caches.MemCache.MemCacheProvider">
            <summary>
            Cache provider using the .NET client (http://sourceforge.net/projects/memcacheddotnet)
             for memcached, which is located at http://www.danga.com/memcached/
            </summary>
        </member>
        <member name="T:NHibernate.Caches.MemCache.MemCacheSectionHandler">
            <summary>
            config file provider
            </summary>
        </member>
        <member name="M:NHibernate.Caches.MemCache.MemCacheSectionHandler.Create(System.Object,System.Object,System.Xml.XmlNode)">
            <summary>
            parse the config section
            </summary>
            <param name="parent"></param>
            <param name="configContext"></param>
            <param name="section"></param>
            <returns>an array of <see cref="T:NHibernate.Caches.MemCache.MemCacheConfig"/> objects</returns>
        </member>
    </members>
</doc>
